{
  "textResponse":[
    {
      "name": "hitler",
      "response": "卐卐卐卐卐卐卐 HITLER DID NOTHING WRONG 卐卐卐卐卐卐卐",
      "tts": true
    },
    {
      "name": "gibswastika",
      "response": "HERE YOU HAVE GLORIOUS SWASTIKA: 卐",
      "tts": true
    },
    {
      "name": "giblenny",
      "response": "HERE YOU HAVE GLORIOUS COMRADE LENNY: ( ͡° ͜ʖ ͡°)",
      "tts": true
    }
  ],
  "youtubeResponse":[
    {
      "name": "nigger",
      "videoURL": "https://www.youtube.com/watch?v=zKPnrW46UGs",
      "videoOptions": {},
      "responseText": "niggers gonna nig",
      "tts": false
    },
    {
      "name": "allah",
      "videoURL": "https://www.youtube.com/watch?v=_yH1ApyffBI",
      "videoOptions": {},
      "responseText": "ALLAHU AKBAR!",
      "tts": true
    },
    {
      "name": "takbir",
      "videoURL": "https://www.youtube.com/watch?v=xfH9mrzXHPA",
      "videoOptions": {},
      "responseText": "TAKBIR!",
      "tts": true
    },
    {
      "name": "heil",
      "videoURL": "https://www.youtube.com/watch?v=dTsBbyxO3lc",
      "videoOptions": {"seek": 13},
      "responseText": "SEIG HEIL!",
      "tts": true
    }
  ],
  "dmSpammer":[
    {
      "name": "卐summon卐",
      "response": "卐卐卐卐卐 YOU WERE SUMMONED BY $ 卐卐卐卐卐",
      "amount": 5
    }
  ],
  "chatBot":[
    {
      "name": "@AftoBot text",
      "type": "cleverbot",
      "tts": true
    }
  ]
}